"uuid","b","g","i_max","id","r","v_rated","x"
803c298b-61c6-412c-9b60-21cabc5bd945,185.35400390625,0.0,235.0,NS_2,0.319999992847443,0.4,0.0691149979829788
6b223bc3-69e2-4eb8-a2c0-76be1cd2c998,169.646,0.0,535.0,NA2XS2Y 1x400 RM/25 6/10 kV,0.078,10.0,0.0942
