"uuid","b","g","i_max","id","r","v_rated","x"
803c298b-61c6-412c-9b60-21cabc5bd945,185.35400390625,0.0,235.0,NS_2,0.319999992847443,0.4,0.0691149979829788
