"uuid","b_m","d_phi","d_v","g_m","id","r_sc","s_rated","tap_max","tap_min","tap_neutr","tap_side","v_rated_a","v_rated_b","x_sc"
4984f493-d6e5-4201-a040-c10722b30362,0.0,0.0,0.5,0.0,MS-NS_1,10.078,630.0,10,-10,0,false,20.0,0.4,23.312
a0cbd90a-4e9f-47db-8dca-041d3a288f77,-145.8952227629774,0.0,2.5,16500.0,0.63 MVA 10/0.4 kV Dyn5 ASEA,1.7384731670445954,630.0,2,-2,0,false,10.0,0.4,9.36379511166658
b49db20f-b8b5-4265-8318-f669b9d121e9,-1015.6886939330394,0.0,1.5,1818.181818181818,63 MVA 110/10 kV YNd5,0.6146031746031745,63000.0,9,-9,0,false,110.0,10.0,34.56596500037509
